lesson_id,lesson_title,module_id,module_title,chapter_id,chapter_title,policy,technology,finance,equity,data,implementation,lesson_description
1.1.1,Lesson 1: The Great Energy Dilemma: Paradoxes of Sustainable Development,1,Intro to Sustainable Energy for Development,1.1,Chapter 1: Introduction to Energy Systems,0.103805,0.06669,0.060186,0.218813,0.369244,0.181262,Understanding the role of sustainable energy for human well-being and development
1.1.2,Lesson 2: The Complexities of Global Energy Use,1,Intro to Sustainable Energy for Development,1.1,Chapter 1: Introduction to Energy Systems,0.167428,0.304143,0.144248,0.146704,0.136137,0.10134,Exploring the benefits of sustainable energy and examining the energy transition
1.1.3,Lesson 3: The Sustainable Energy Landscape,1,Intro to Sustainable Energy for Development,1.1,Chapter 1: Introduction to Energy Systems,0.115145,0.071166,0.291349,0.126643,0.249109,0.146589,"This lesson explores the role of sustainable energy as a driver fo development, focusing on the SDGs, specifically SDG 7 as well as the progress made in advancing sustainable development and the energy transition."
1.2.1,Lesson 1: Access to electricity and clean cooking (SDG 7.1),1,Intro to Sustainable Energy for Development,1.2,Chapter 2: Interlinkages between Energy and Other SDGs,0.208104,0.239531,0.114404,0.184389,0.152429,0.101143,Catalyzing progress across the SDGs through universal energy access
1.2.2,Lesson 2: Renewable energy (SDG 7.2),1,Intro to Sustainable Energy for Development,1.2,Chapter 2: Interlinkages between Energy and Other SDGs,0.218965,0.286095,0.165741,0.041751,0.186285,0.101164,Leveraging the SDG synergies and navigating the trade-offs in the energy transition
1.2.3,Lesson 3: Energy Efficiency (SDG 7.3),1,Intro to Sustainable Energy for Development,1.2,Chapter 2: Interlinkages between Energy and Other SDGs,0.099246,0.486071,0.084614,0.071092,0.161949,0.097028,Improving energy efficiency for building sustainable and resilient socieities
1.3.1,Lesson 1: Arab States,1,Intro to Sustainable Energy for Development,1.3,Chapter 3: Regions,0.071894,0.098577,0.219321,0.094702,0.206288,0.309217,sustainable energy in the Arab states
1.3.2,Lesson 2: Latin America and the Caribbean,1,Intro to Sustainable Energy for Development,1.3,Chapter 3: Regions,0.160533,0.204333,0.155791,0.106796,0.20456,0.167988,Sustainable energy in Latin America and the Caribbeans
1.3.3,Lesson 3: Africa,1,Intro to Sustainable Energy for Development,1.3,Chapter 3: Regions,0.166158,0.164513,0.289212,0.162221,0.126862,0.091035,Sustainable energy in Africa
1.3.4,Lesson 4: Asia and the Pacific,1,Intro to Sustainable Energy for Development,1.3,Chapter 3: Regions,0.157657,0.289644,0.206993,0.104217,0.166469,0.07502,Sustainable energy in Asia Pacific
1.3.5,Lesson 5: Eastern Europe and Central Asia,1,Intro to Sustainable Energy for Development,1.3,Chapter 3: Regions,0.164253,0.069677,0.230419,0.172826,0.15134,0.211485,Sustainable energy in Eastern Europe and Central Asia
1.4.1,Lesson 1: Leveraging Cross-Cutting Approaches to Drive Systemic Change,1,Intro to Sustainable Energy for Development,1.4,"Chapter 4: Approaches, Methods and Tools for Strategic Innovation",0.186022,0.101299,0.129637,0.178193,0.172009,0.23284,Adopting varied approaches and tools to deliver the energy transition
1.4.2,Lesson 2: Addressing SDG7 Trade-offs for Sustainable Outcomes,1,Intro to Sustainable Energy for Development,1.4,"Chapter 4: Approaches, Methods and Tools for Strategic Innovation",0.068825,0.19547,0.190899,0.334774,0.059413,0.150619,"Africa‚Äôs energy transition is a transformative opportunity to address energy poverty, unlock green growth, and foster inclusive development."
1.4.3,Lesson 3: Scaling Strategies that Enable Equitable Energy Transitions,1,Intro to Sustainable Energy for Development,1.4,"Chapter 4: Approaches, Methods and Tools for Strategic Innovation",0.141185,0.035016,0.060649,0.244898,0.214919,0.303332,
2.1.1,Lesson 1: Core Concepts in Energy Access,2,Energy Access and Inclusive Energy Services,2.1,"Chapter 1: Understanding Energy Access: Concepts, Context, and Background",0.133784,0.145063,0.050343,0.372145,0.151839,0.146826,"This lesson offers a global overview of energy access, highlighting its critical role in human rights, poverty reduction, and inclusive sustainable development."
2.1.2,Lesson 2: Sustainable Energy to power development,2,Energy Access and Inclusive Energy Services,2.1,"Chapter 1: Understanding Energy Access: Concepts, Context, and Background",0.081143,0.069574,0.153538,0.342696,0.225,0.12805,"This lesson focuses on the critical requirements to ensure sustainable energy access, including the building blocks of sustainable energy access"
2.1.3,Lesson 3: Energy Poverty and Fuel Poverty,2,Energy Access and Inclusive Energy Services,2.1,"Chapter 1: Understanding Energy Access: Concepts, Context, and Background",0.129519,0.054087,0.193617,0.390336,0.123164,0.109277,"This lesson covers the reality of energy poverty, its causes and impacts, and the tools to measure the challenge of addressing this issue"
2.2.1,Lesson 1: Mapping the Global Energy Divide,2,Energy Access and Inclusive Energy Services,2.2,"Chapter 2: Current Status, Trends and Barriers to Energy Access",0.050798,0.201364,0.187744,0.311643,0.168266,0.080185,"This lesson provides an overview of the key characteristics and statistics of the regional disparities in access to energy services, regions with universal access to regions struggling with energy access."
2.2.2,Lesson 2: Layers of Inequality in Energy Access,2,Energy Access and Inclusive Energy Services,2.2,"Chapter 2: Current Status, Trends and Barriers to Energy Access",0.063489,0.121955,0.147955,0.27213,0.213611,0.180859,"This lesson explores recent data on global electricity access, revealing both significant progress and ongoing challenges across different regions, urban and rural areas, and specific vulnerable contexts."
2.2.3,"Lesson 3: Beyond Electricity: Status of Clean Cooking, Heating and Cooling",2,Energy Access and Inclusive Energy Services,2.2,"Chapter 2: Current Status, Trends and Barriers to Energy Access",0.132484,0.325405,0.158276,0.130052,0.207698,0.046085,"This lesson explores the complex challenges obstructing equitable acccess to sustainable energy, highlighting issues in infrastructure and capacity, uneven distirbtuion of investments and the need for comprehensive measurement approaches."
2.2.4,Lesson 4: Challenges for universal energy access,2,Energy Access and Inclusive Energy Services,2.2,"Chapter 2: Current Status, Trends and Barriers to Energy Access",0.100399,0.299828,0.139117,0.129331,0.227624,0.103702,"This lesson delves into statistics on the global energy gap, focusing on access to fundamental energy needs: clean cooking, and heating and cooling. While electricity access often dominates energy access discussions, clean cooking, heating, and cooling are equally vital for human well-being, health, and productivity—yet they remain deeply underserved."
2.3.1,Lesson 1: An Intersectional Approach to Energy Access,2,Energy Access and Inclusive Energy Services,2.3,Chapter 3: Bridging the Energy Access Gap,0.096519,0.202353,0.134858,0.281674,0.066242,0.218354,This lesson explores how an intersectional approach can transform energy access by addressing the overlapping identities that shape people's experience and challenges. The lesson presents practical strategies to operationalize intersectionality in sustainable energy access programming.
2.3.2,Lesson 2: Technological Solutions to reach Universal Energy Access,2,Energy Access and Inclusive Energy Services,2.3,Chapter 3: Bridging the Energy Access Gap,0.11341,0.139505,0.04463,0.359295,0.065471,0.27769,The lesson highlights the key technological solutions that can accelerate the path towards universal energy access while supporting the transition to clean energy.
2.3.3,Lesson 3: Business models and Financing Mechanisms for Energy Access,2,Energy Access and Inclusive Energy Services,2.3,Chapter 3: Bridging the Energy Access Gap,0.09955,0.184212,0.071818,0.182463,0.263472,0.198485,This lesson explains how financing mechanisms and business models can incentivize energy access and inclusive energy services with a focus on underserved and vulnerable communities.
2.3.4,Lesson 4: Policy Frameworks for Energy Access,2,Energy Access and Inclusive Energy Services,2.3,Chapter 3: Bridging the Energy Access Gap,0.172937,0.170853,0.205532,0.100502,0.173276,0.1769,"This lesson explores three policy instruments: subsidies, tax incentives and regulatory reforms, and how they contribute to the promotion of sustainable energy solutions."
2.3.5,"Lesson 5: Unlocking Energy Access with Digital Tools, Data and AI",2,Energy Access and Inclusive Energy Services,2.3,Chapter 3: Bridging the Energy Access Gap,0.087953,0.148256,0.205008,0.121883,0.2346,0.202299,"This lesson explores the importance of multi-stakeholder partnerships and the role of international organizations, NGOs, development agencies, the private sector and local communities in advancing energy access objectives, as well as the associated challenges and conflicts."
3.1.1,Lesson 1: The Energy Transition In Context,3,Just Energy Transition,3.1,Chapter 1: Introduction to the Energy Transition Landscape,0.271213,0.082593,0.096,0.123087,0.21201,0.215096,"This lesson explores how a just transition is about more than just technical solutions or policy frameworks; it is about addressing deep-rooted socio-economic disparities, fostering participatory governance, and empowering all stakeholders to engage in the transition process."
3.1.2,Lesson 2: Unpacking The Concept Of A Just Energy Transition,3,Just Energy Transition,3.1,Chapter 1: Introduction to the Energy Transition Landscape,0.130487,0.058146,0.043904,0.380777,0.128203,0.258483,"This lesson outlines the just energy transition, focusing on fairness, equity, and inclusivity in sustainable energy shifts. Originating from labor rights, it addresses historical inequities through environmental, climate, and energy justice. It highlights localized solutions and global frameworks like the AJET principles to balance urgent climate action with social and economic justice."
3.1.3,Lesson 3: Key Challenges In The Global South,3,Just Energy Transition,3.1,Chapter 1: Introduction to the Energy Transition Landscape,0.187521,0.085714,0.143412,0.166668,0.153583,0.263103,"This lesson delves into the specific challenges and opportunities that developing countries face in the context of the just energy transition. By examining these dynamics, we aim to shed light on strategies and initiatives that can facilitate a transition towards a more sustainable and equitable energy future for all."
3.2.1,Lesson 1: Human rights and socio-economic impacts,3,Just Energy Transition,3.2,Chapter 2: Ensuring a Just Transition for Workers and Affected Communities,0.099834,0.276632,0.161989,0.307719,0.096829,0.056998,"This lesson addresses human rights and socio-economic challenges in renewable energy transitions, including land displacement, labor rights abuses in mineral extraction, and inequitable benefits. It emphasizes inclusive policies, the Escaz√∫ Agreement for environmental democracy, and participatory processes like FPIC to protect indigenous rights and ensure equity."
3.2.2,Lesson 2: Worker Retraining and Employment Disparities,3,Just Energy Transition,3.2,Chapter 2: Ensuring a Just Transition for Workers and Affected Communities,0.089653,0.201028,0.110853,0.324814,0.117478,0.156173,"This lesson focuses on worker retraining and skills development for renewable energy transitions, emphasizing policies to address job displacement, regional disparities, and gender gaps."
3.2.3,Lesson 3: Social Safety Nets and Income Support,3,Just Energy Transition,3.2,Chapter 2: Ensuring a Just Transition for Workers and Affected Communities,0.129607,0.175642,0.080611,0.304079,0.176362,0.133699,"This lesson focuses on social safety nets and income support in energy transitions, emphasizing measures like Energy Safety Nets (ESNs) to prevent energy poverty and ensure affordability for vulnerable groups. It highlights targeted subsidies to reduce inequalities, gender-sensitive policies for inclusive access, and the role of these programs in poverty reduction and social stability during shifts to sustainable energy."
3.3.1,Lesson 1: Critical Minerals and Materials,3,Just Energy Transition,3.3,Chapter 3: A JET that Preserves Nature and Catalyzes Economic Growth,0.256723,0.238816,0.171616,0.125872,0.035584,0.171391,"This lesson addresses critical minerals essential for renewable energy technologies, highlighting challenges like rising demand, geographic concentration, and environmental/social impacts. It emphasizes the need for responsible extraction practices to bridge gaps between policies and on-ground outcomes. While offering economic opportunities for resource-rich nations, it underscores risks of resource mismanagement and calls for international cooperation to ensure equitable governance, sustainable development, and a just energy transition."
3.3.2,Lesson 2: Environmental Concerns of Clean Energy Technology Deployment,3,Just Energy Transition,3.3,Chapter 3: A JET that Preserves Nature and Catalyzes Economic Growth,0.171932,0.28706,0.064588,0.19211,0.067094,0.217217,"This lesson examines environmental concerns of renewable energy technologies like wind, solar, and hydropower, highlighting challenges such as land use, habitat disruption, water consumption, and hazardous materials. While lifecycle assessments show renewables have significantly lower GHG emissions than fossil fuels, the lesson stresses the need for mitigation strategies (e.g., turbine placement, solar panel recycling, habitat protection) to minimize ecological impacts and ensure sustainable deployment."
3.3.3,Lesson 3: Advancing the Value Chain,3,Just Energy Transition,3.3,Chapter 3: A JET that Preserves Nature and Catalyzes Economic Growth,0.253073,0.170671,0.248095,0.069911,0.06552,0.192731,"This lesson examines advancing the value chain in critical minerals and battery production, emphasizing opportunities for developing nations to shift from raw material exports to high-value processing. It highlights regional collaboration, vertical integration, and sustainable practices (e.g., recycling) to address socio-environmental impacts. Strategic governance and public-private partnerships are underscored as key drivers for economic resilience and equitable growth in the global energy transition."
3.4.1,Lesson 1: Governance Strategies for a Just Energy Transition,3,Just Energy Transition,3.4,Chapter 4: Strategic Governance and Partnership Models for Just Energy Transitions,0.125719,0.169511,0.131926,0.147737,0.192813,0.232294,"This lesson explores key energy governance strategies employed by UNDP, introduces the concept of energy democracy, and highlights practical examples."
3.4.2,Lesson 2: Community-Led Sustainable Energy Projects and Community-Based Solutions,3,Just Energy Transition,3.4,Chapter 4: Strategic Governance and Partnership Models for Just Energy Transitions,0.19736,0.213851,0.11975,0.187333,0.120038,0.161668,This lesson underscores the importance of proactive planning and strategic foresight in navigating the energy transition amid global crises like cost-of-living pressures and geopolitical instability. It highlights the need for collaborative governance and equitable infrastructure transformation to address historical inequities and build resilient systems
3.4.3,Lesson 3: Just Energy Transition Partnerships (JET-P),3,Just Energy Transition,3.4,Chapter 4: Strategic Governance and Partnership Models for Just Energy Transitions,0.209658,0.19476,0.217283,0.178094,0.10662,0.093584,"This lesson explores Just Energy Transition Partnerships (JET-Ps) as innovative financing mechanisms to support developing nations in shifting from fossil fuels to clean energy. It emphasizes blending public and private capital to phase out coal, upgrade grids, and retrain workers. Challenges include ensuring equity, avoiding debt traps, and integrating grassroots priorities into national strategies. Effective governance and inclusive frameworks are stressed to balance economic shifts with social justice and accountability."
4.1.1,Lesson 1: Global Energy Investment Landscape,4,Sustainable Energy Finance,4.1,Chapter 1:,0.059007,0.039307,0.326481,0.197688,0.20165,0.175867,"This lesson introduces the global energy investment landscape, examining the disparities in investment flows between developed and developing countries, the challenges of financing clean energy transitions, and the urgent need for increased capital to bridge the investment gap and align with global climate targets."
4.1.2,Lesson 2: An Overview of Sustainable Energy Market Dynamics,4,Sustainable Energy Finance,4.1,Chapter 1:,0.167614,0.151566,0.283028,0.04355,0.175339,0.178902,"This lesson explores the mechanisms driving sustainable energy market dynamics, highlighting the shift from fossil fuels to renewables, investment trends, technological advancements, policy frameworks, and the geopolitical and socioeconomic impacts shaping the future of global energy markets."
4.1.3,"Lesson 3: Sustainable Finance and Bankable, Investable and Financeable Transformative Projects",4,Sustainable Energy Finance,4.1,Chapter 1:,0.131414,0.131898,0.313751,0.216254,0.098239,0.108444,"This lesson explores Investable and Financeable Transformative Projectsand highlights the financial, regulatory, and technical criteria required to attract private and public capital while overcoming challenges such as high capital costs, unclear regulatory frameworks, and inadequate infrastructure in emerging and developing economies."
4.2.1,Lesson 1: The Role of Public Sector in Sustainable Energy Finance,4,Sustainable Energy Finance,4.2,Chapter 2: Public Sector and Sustainable Energy Finance,0.167467,0.09953,0.28987,0.15921,0.162058,0.121866,"This lesson explores the crucial role of public sector investment in driving the renewable energy transition by providing financial support, mitigating risks, and fostering an enabling regulatory environment."
4.2.2,Lesson 2: Financial Health Policies and Regulation,4,Sustainable Energy Finance,4.2,Chapter 2: Public Sector and Sustainable Energy Finance,0.254409,0.173814,0.232857,0.135829,0.079561,0.123531,"This lesson explores the importance of identifying, assessing, and mitigating financial risks in the energy sector through tools like stress testing and fiscal risk analysis.¬†"
4.2.3,Lesson 3: The Energy Subsidy Reform,4,Sustainable Energy Finance,4.2,Chapter 2: Public Sector and Sustainable Energy Finance,0.223605,0.123412,0.270747,0.0952,0.114901,0.172134,"This lesson explores the economic, environmental, and fiscal implications of fossil fuel subsidies, emphasizing their role in distorting energy markets, straining public finances, and delaying sustainable energy transitions.¬†"
4.3.1,Lesson 1: Private Sector Investment in Sustainable Energy,4,Sustainable Energy Finance,4.3,Chapter 3: Scaling Up Private Sector Investment in Sustainable Energy,0.169987,0.164629,0.234502,0.171585,0.132076,0.127221,"This lesson explores the critical role of private sector investment in driving the transition to sustainable energy, emphasizing the need for significant capital mobilization beyond public finance to meet global clean energy targets.¬†"
4.3.2,Lesson 2: Risk Mitigation Strategies,4,Sustainable Energy Finance,4.3,Chapter 3: Scaling Up Private Sector Investment in Sustainable Energy,0.308848,0.090485,0.217943,0.064929,0.108183,0.209613,"This lesson introduces the concept of de-risking renewable energy investments, particularly in developing countries, through policy and financial de- risking"
4.3.3,Lesson 3: Blended Finance,4,Sustainable Energy Finance,4.3,Chapter 3: Scaling Up Private Sector Investment in Sustainable Energy,0.138151,0.139302,0.251448,0.162712,0.138446,0.16994,"This chapter explores¬†blended finance¬†as a strategy for mobilizing private sector investment in renewable energy projects, especially in developing countries. It highlights how¬†blended finance¬†combines concessional funding with private capital to de-risk high-impact clean energy projects.¬†"
4.4.1,Lesson 1: Thematic Bonds (Public and Corporate),4,Sustainable Energy Finance,4.4,Chapter 4: Innovative Financial Instruments and Tools for Renewable Energy,0.09732,0.202604,0.312168,0.15263,0.032546,0.202732,"This chapter explores various thematic bonds, including green, social, sustainability, and transition bonds, as innovative financial instruments designed to support sustainable development projects, with a focus on reducing environmental impact and fostering global climate goals."
4.4.2,"Lesson 2: Debt Swaps (Debt for Energy, D4E)",4,Sustainable Energy Finance,4.4,Chapter 4: Innovative Financial Instruments and Tools for Renewable Energy,0.100401,0.150982,0.22613,0.154155,0.143987,0.224346,"This lesson explores the Debt-for-Energy (D4E) swaps, a financial mechanism that reduces national debt while investing in renewable energy projects to support the energy transition and economic sustainability in developing countries."
4.4.3,Lesson 3: Carbon Financing,4,Sustainable Energy Finance,4.4,Chapter 4: Innovative Financial Instruments and Tools for Renewable Energy,0.134474,0.160169,0.266786,0.091634,0.134203,0.212733,"This lesson explores how carbon pricing mechanisms, such as carbon taxes and emissions trading systems, drive low-carbon transitions by providing economic incentives to reduce emissions, while highlighting challenges like greenwashing and the need for robust verification systems."
4.4.4,Lesson 4: Emerging Technologies: AI-Powered and Digital Financing Solutions,4,Sustainable Energy Finance,4.4,Chapter 4: Innovative Financial Instruments and Tools for Renewable Energy,0.057946,0.112904,0.252677,0.213093,0.158768,0.204612,"This lesson explores how integrating blockchain technology and digital financing platforms can transform sustainable energy finance by enhancing transparency, reducing transaction costs, expanding access to finance, and supporting energy trading"
4.5.1,Lesson 1: Partnerships for Sustainable Energy Investments,4,Sustainable Energy Finance,4.5,Chapter 5: Cross-Sectional Issues in Sustainable Energy Finance,0.058761,0.195746,0.353443,0.154096,0.072732,0.165222,"This lesson focuses on the importance of partnerships in driving sustainable energy investments by pooling resources, sharing risks, and fostering collaboration between governments, international organizations, and the private sector."
4.5.2,Lesson 2: Gender Equality And Sustainable Energy Finance,4,Sustainable Energy Finance,4.5,Chapter 5: Cross-Sectional Issues in Sustainable Energy Finance,0.103381,0.169989,0.155164,0.25383,0.138249,0.179387,"This lesson focuses on addressing the intersectionality of gender inequality within climate and energy finance, highlighting how overlapping identities such as gender, race, ethnicity, and socioeconomic status can exacerbate barriers to accessing financial resources, leadership roles, and energy technologies for marginalized women."
5.1.1,Lesson 1: Introduction to Energy Governance,5,Sustainable Energy Governance,5.1,Chapter 1: Fundamentals of Energy Governance,0.228871,0.177945,0.17913,0.122018,0.174311,0.117724,"This lesson introduces energy governance as a critical foundation for achieving just and sustainable energy transitions. It highlights how effective, inclusive, and accountable governance systems are essential to overcome challenges like fossil fuel lock-in, market failures, and energy inequality, ensuring that the benefits of the transition are equitably shared and aligned with long-term climate goals."
5.1.2,Lesson 2: Actors in Sustainable Energy Governance,5,Sustainable Energy Governance,5.1,Chapter 1: Fundamentals of Energy Governance,0.244872,0.080935,0.135951,0.109955,0.265027,0.16326,"The transition to sustainable energy systems represents one of the most pressing and complex challenges of the 21st century. Addressing this multifaceted imperative effectively demands a paradigm shift from traditional, siloed governance models to a comprehensive Whole-of-Society Approach (WSA)his lesson provides an examination of the WSA in sustainable energy governance, defining its core principles, identifying key stakeholders, and elucidating the profound benefits it offers."
5.2.1,Lesson 1: Designing Effective Policy And Regulatory Frameworks,5,Sustainable Energy Governance,5.2,Chapter 2: Pillars of Good Energy Governance,0.228018,0.16707,0.2072,0.133691,0.162629,0.101392,"Effective energy policies are the backbone of a successful and just energy transition. They guide investment, shape behavior, ensure access, and balance the interests of people, government, and industry. But policies often fail, not because of bad intentions, but because they ignore political realities, lack clear goals, or are poorly designed. This module explores how to design effective and context-sensitive energy policies and regulations by focusing on tools like Institutional and Context Analysis (ICA), Regulatory Impact Assessment (RIA), and adaptive policymaking. It emphasizes the importance of aligning policies across sectors, anticipating future challenges through strategic foresight, and continuously refining regulations based on evidence, feedback, and evolving conditions."
5.2.2,Lesson 2: Ensuring Transparency and Conducting Regular Oversight,5,Sustainable Energy Governance,5.2,Chapter 2: Pillars of Good Energy Governance,0.245789,0.157504,0.220265,0.121255,0.179544,0.075643,"Transparency and oversight are essential for building trust, improving accountability, and ensuring that energy policies are fair, efficient, and effective. This lesson explores how open data, accessible information, and strong monitoring systems help prevent corruption, improve decision-making, and attract investment. It introduces key tools like internal and external audits, gender audits, and strategic foresight to strengthen public trust and ensure that no one is left behind in the energy transition"
5.2.3,Lesson 3: A Holistic Energy Governance Framework,5,Sustainable Energy Governance,5.2,Chapter 2: Pillars of Good Energy Governance,0.330338,0.233169,0.118225,0.154047,0.066698,0.097524,"This lesson introduces a practical governance framework that connects core governance principles (like participation, transparency, and oversight) to key elements of the energy transition, such as infrastructure, finance, and social impacts. Using Nigeria’s experience as an example, we explore how this framework helps identify gaps, align institutions, and ensure no one is left behind."
5.3.1,Lesson 1: Planning and Strategic Instruments,5,Sustainable Energy Governance,5.3,Chapter 3: Key Sustainable Energy Policy Instruments And Tool,0.218671,0.17346,0.200707,0.051224,0.096515,0.259423,"This lesson introduces key national instruments used to plan and implement sustainable energy transitions, including long-term strategies, national energy policies, and sectoral action plans. It examines how countries set energy and climate goals, align them with development priorities, and operationalize them through tools like renewable energy plans, efficiency strategies, and clean cooking roadmaps."
5.3.2,Lesson 2: Command-And- Control Instruments,5,Sustainable Energy Governance,5.3,Chapter 3: Key Sustainable Energy Policy Instruments And Tool,0.260645,0.086861,0.177739,0.164859,0.05888,0.251016,"Regulations form the backbone of the energy transition by setting clear rules that shape how energy is produced, distributed, and consumed. This lesson explores command-and-control instruments which set enforceable targets to drive clean energy adoption. While these tools ensure compliance, modern designs increasingly combine strict mandates with market flexibility to encourage innovation. Through global examples like South Korea, Pakistan, and Barbados, we examine how well-designed regulations can deliver climate goals, economic benefits, and energy justice, especially in developing contexts where policy clarity and institutional capacity are vital."
5.3.3,Lesson 3: Market-Based Instruments,5,Sustainable Energy Governance,5.3,Chapter 3: Key Sustainable Energy Policy Instruments And Tool,0.215869,0.098974,0.249907,0.099878,0.110421,0.224951,"Market-Based Instruments (MBIs) use prices and incentives to drive clean energy and reduce emissions. Unlike rigid regulations, they let actors choose cost-effective solutions. This lesson covers key MBIs—Feed-in Tariffs, Emissions Trading Systems, and Carbon Taxes—and shows how they promote innovation, attract investment, and support flexible, efficient energy transitions."
5.3.4,Lesson 4: Key Contractual Tools,5,Sustainable Energy Governance,5.3,Chapter 3: Key Sustainable Energy Policy Instruments And Tool,0.247278,0.180168,0.152327,0.143151,0.095197,0.181878,"This lesson explores contractual and procurement instruments—such as Power Purchase Agreements (PPAs), Independent Power Producers (IPPs), Public–Private Partnerships (PPPs), and Build–Own–Operate/Transfer (BOO/BOT) models, as key tools to mobilize private capital for sustainable energy. These instruments structure public-private relationships, reduce risks, and enable long-term investments. In developing countries, where public funds are limited, their effective use is essential to accelerate clean energy deployment and ensure a just energy transition."
6.1.1,Lesson 1: The Impact of Energy Systems on Climate Change,6,The Climate Change-Energy Nexus,6.1,Chapter 1: Linkages between Energy Systems and Climate Change,0.144136,0.194258,0.299358,0.065878,0.181395,0.114975,Examining the environmental and climate change challenges associated with energy systems
6.1.2,Lesson 2: The Impact of Climate Change on Energy Systems,6,The Climate Change-Energy Nexus,6.1,Chapter 1: Linkages between Energy Systems and Climate Change,0.105459,0.108552,0.31505,0.189283,0.177407,0.104249,Understanding the profound effects of climate change on energy systems
6.2.1,"Lesson 1: The Climate, Environmental and Health Benefits of Sustainable Energy",6,The Climate Change-Energy Nexus,6.2,Chapter 2: Sustainable Energy for Climate Mitigation,0.171965,0.120627,0.286606,0.138993,0.200234,0.081576,Exploring how sustainable energy can help achieve climate targets and enhance public health and economic value
6.2.2,Lesson 2: Exploring Renewable Technologies for Climate Mitigation,6,The Climate Change-Energy Nexus,6.2,Chapter 2: Sustainable Energy for Climate Mitigation,0.165801,0.307149,0.164252,0.085193,0.077486,0.200118,Getting to know a diverse set of sustainable energy technologies for emission reduction
6.3.1,Lesson 1: Renewable Energy for Enhancing Climate Resilience,6,The Climate Change-Energy Nexus,6.3,Chapter 3: Sustainable Energy for Climate Adaptation,0.190457,0.295808,0.078659,0.234515,0.110167,0.090395,Learning the ways decentralized renewable energy can support climate adaptation and resilience
6.3.2,Lesson 2: Enhancing Resilience and Adaptability of Energy Systems,6,The Climate Change-Energy Nexus,6.3,Chapter 3: Sustainable Energy for Climate Adaptation,0.160068,0.152321,0.145837,0.176508,0.058766,0.3065,Examining the strategies to improve energy systems' adaptability to climate change
6.3.3,Lesson 3: An Intersectional Approach to Climate Change,6,The Climate Change-Energy Nexus,6.3,Chapter 3: Sustainable Energy for Climate Adaptation,0.063959,0.144929,0.167519,0.394801,0.153882,0.074911,Applying an intersectional lens to the energy transition
6.4.1,Lesson 1: Decarbonizing the Industry Sector,6,The Climate Change-Energy Nexus,6.4,Chapter 4: Sustainable Energy Transformation in End-use Sectors,0.153853,0.301801,0.14007,0.047829,0.157605,0.198841,Adopting low carbon technologies and Improving efficiency for industrial decarbonization
6.4.2,"Lesson 2: Sustainable Buildings: Efficiency, Electrification, and Equity",6,The Climate Change-Energy Nexus,6.4,Chapter 4: Sustainable Energy Transformation in End-use Sectors,0.110443,0.197858,0.187777,0.192348,0.100733,0.210841,Reducing buildings sector energy consumption with electrification and efficiency strategies
6.4.3,Lesson 3: Transforming Transport: Electrification and Inclusive Mobility,6,The Climate Change-Energy Nexus,6.4,Chapter 4: Sustainable Energy Transformation in End-use Sectors,0.174338,0.174422,0.229,0.089385,0.117267,0.215588,Transitioning to electric mobility for emission reduction and development benefits
7.1.1,Lesson 1: Introduction to Energy Data,7,Data in Sustainable Energy,7.1,Chapter 1: Foundational Concepts of Energy Data and Its Role in Sustainability and Equity,0.162535,0.066105,0.196009,0.170438,0.195774,0.209137,"This lesson breaks down the key qualities of energy data‚ like accuracy, reliability, and timeliness‚ and why they matter for making better decisions. It also looks at how data fits into the policy-making process, from spotting problems and setting goals to tracking progress and checking results. It shows how data can help shape energy policies that work for everyone."
7.1.2,Lesson 2: The Role of Data in Advancing Sustainable Energy And Equity,7,Data in Sustainable Energy,7.1,Chapter 1: Foundational Concepts of Energy Data and Its Role in Sustainability and Equity,0.081813,0.205033,0.090337,0.287872,0.250466,0.084479,"This lesson highlights the critical role of data in advancing sustainable energy and equity, emphasizing its use to track progress, measure impacts, and address disparities. Key tools include UNDP's Energy Moonshot Tracker for monitoring global energy access initiatives and the World Bank's Multi-Tier Framework to assess energy equity beyond basic metrics. It underscores the need for transparent reporting and ethical data practices to ensure accountability, build trust, and inform policies that balance sustainability with social justice."
7.1.3,Lesson 3: The Energy Data Value Chain,7,Data in Sustainable Energy,7.1,Chapter 1: Foundational Concepts of Energy Data and Its Role in Sustainability and Equity,0.090671,0.092304,0.152979,0.194184,0.314146,0.155716,This lesson delves deeper into the stages of the data value chain and explore the challenges faced by developing communities in leveraging data for sustainable energy development. This analysis highlights the critical role of data in bridging knowledge gaps and advancing equitable energy transitions.
7.2.1,Lesson 1: Strategic Energy Planning at The Policy Level,7,Data in Sustainable Energy,7.2,"Chapter 2: Approaches to Planning, Monitoring, and Evaluation in Sustainable Energy",0.228175,0.063275,0.094991,0.207811,0.27162,0.134128,"This lesson highlights strategic energy planning as vital for balancing energy security, economic growth, and climate goals. It emphasizes holistic frameworks that integrate resource assessment, stakeholder engagement, and long-term objectives to align policies with sustainability. Key tools like energy system modeling enable adaptable, data-driven strategies, addressing socio-economic and environmental priorities. The focus is on dynamic planning processes that evolve with technological shifts and climate challenges, ensuring equitable, resilient pathways toward net-zero futures."
7.2.2,"Lesson 2: Fundamentals of Project Planning, Monitoring, and Evaluation",7,Data in Sustainable Energy,7.2,"Chapter 2: Approaches to Planning, Monitoring, and Evaluation in Sustainable Energy",0.137722,0.199261,0.190747,0.054217,0.193826,0.224227,"This lesson highlights the fundamentals of project planning, monitoring, and evaluation (PM&E) as essential tools for advancing sustainable energy goals. Rooted in principles like local ownership, stakeholder inclusivity, and outcome-focused effectiveness, PM&E fosters transparency, accountability, and adaptability, ensuring energy projects deliver equitable, sustainable results through iterative learning and evidence-based decision-making."
7.2.3,Lesson 3: Gender and Intersectionality in Energy Data and Planning,7,Data in Sustainable Energy,7.2,"Chapter 2: Approaches to Planning, Monitoring, and Evaluation in Sustainable Energy",0.148101,0.079367,0.128035,0.256005,0.212731,0.175762,"This lesson examines the integration of gender and intersectionality into energy data and planning, emphasizing the systemic disparities faced by marginalized groups. It explores challenges in sex-disaggregated data collection, gender-responsive policy design, and inclusive participatory approaches to decision-making. The lesson underscores the need for intersectional analysis to address overlapping inequalities and ensure equitable energy access and planning."
7.3.1,Lesson 1: Data Science Techniques for Energy Analysis,7,Data in Sustainable Energy,7.3,Chapter 3: Tools and Techniques for Data-Driven Insights in Energy,0.115462,0.170634,0.191873,0.130551,0.263797,0.127684,"This lesson explores data science techniques for energy analysis, covering exploratory data analysis (EDA) methods like anomaly detection and predictive modeling. It highlights AI-driven automation in data cleaning, remote sensing integration with GIS for renewable energy optimization, and the role of data visualization in translating complex energy data into actionable insights. The lesson emphasizes leveraging these tools to enhance decision-making and sustainability in the energy sector."
7.3.2,Lesson 2: Energy Modelling Tools and Applications,7,Data in Sustainable Energy,7.3,Chapter 3: Tools and Techniques for Data-Driven Insights in Energy,0.178804,0.138475,0.227464,0.178957,0.134465,0.141835,"This lesson explores energy modelling tools and their applications in analyzing and optimizing energy systems, covering descriptive, prescriptive, and predictive models for policy analysis, scenario planning, and load forecasting. It highlights renewable energy integration, grid stability, and the role of data value chains in ensuring accurate models to support sustainable energy decision-making and efficient resource management."
7.3.3,Lesson 3: Applied Machine Learning in Energy Data,7,Data in Sustainable Energy,7.3,Chapter 3: Tools and Techniques for Data-Driven Insights in Energy,0.199629,0.181267,0.085129,0.137747,0.277391,0.118837,"This section introduces the use of Machine Learning (ML) in energy policy, focusing on structured data, learning models, and ethical concerns. It covers key applications like energy forecasting and emissions profiling using tools such as Random Forests and clustering. Foundational concepts are linked to real-world use cases to support evidence-based policymaking. The lesson ends by addressing ethical risks and promoting best practices like Explainable AI and Privacy by Design."
7.4.1,Lesson 1: System-Level Enablers for Innovation in Energy Data,7,Data in Sustainable Energy,7.4,Chapter 4: Future Directions for Data in the Energy Sector,0.149678,0.146707,0.059951,0.158926,0.286925,0.197814,"This lesson explores the digital foundations needed for equitable energy innovation, highlighting the role of resilient infrastructure, open data, and interoperability. It emphasizes metadata standards, data governance, and the need for trained personnel. Learners will examine how these elements enable ethical, inclusive use of AI and energy data."
7.4.2,Lesson 2: Advanced Technologies in Energy Systems,7,Data in Sustainable Energy,7.4,Chapter 4: Future Directions for Data in the Energy Sector,0.18474,0.166939,0.055401,0.188007,0.292114,0.112798,"This lesson explores how AI and IoT are transforming energy systems, from forecasting and efficiency to real-time grid management. It examines the opportunities and risks of digital infrastructure, emphasizing context-aware, inclusive innovation. Learners will critically assess how intelligent systems can support resilient and equitable energy transitions."
7.4.3,Lesson 3: Anticipating Future Trends and Ensuring Equitable Digital Futures,7,Data in Sustainable Energy,7.4,Chapter 4: Future Directions for Data in the Energy Sector,0.100202,0.183948,0.080777,0.272675,0.191376,0.171023,"This lesson examines how blockchain and emerging technologies can support equitable energy futures, focusing on transparency, inclusion, and data justice. It highlights risks and design principles to ensure innovation benefits all."
8.1.1,Lesson 1: Key Drivers of Future Energy Demand,8,The Future of Energy: Innovation for Sustainable Development,8.1,Chapter 1: The Changing Energy Landscape,0.307504,0.101263,0.118036,0.097595,0.070988,0.304614,"This lesson explores the major trends and structural shifts shaping the future of global energy demand. It examines how demographic changes, urbanization, industrialization, rising middle-class consumption, and climate impacts are influencing energy use across sectors and regions."
8.1.2,Lesson 2: The Changing Landscape of Energy Supply,8,The Future of Energy: Innovation for Sustainable Development,8.1,Chapter 1: The Changing Energy Landscape,0.265461,0.106817,0.066619,0.274428,0.136651,0.150024,"This lesson explores the rapidly evolving landscape of global energy supply, influenced by the rise of renewables, shifting roles of fossil fuels and nuclear power, and the emergence of new energy carriers like green hydrogen."
8.1.3,"Lesson 3: Challenges, Tipping Points and Solutions in Renewable Energy",8,The Future of Energy: Innovation for Sustainable Development,8.1,Chapter 1: The Changing Energy Landscape,0.181539,0.291217,0.211666,0.065455,0.129275,0.120848,"Discusses technical challenges like grid stability and renewable integration, as well as non-technical barriers such as cost constraints and public acceptance. It provides insights into critical tipping points and potential solutions through policy, market reforms, and technological innovation."
8.2.1,Lesson 1: Policy and Market Mechanisms for Innovation,8,The Future of Energy: Innovation for Sustainable Development,8.2,Chapter 2: Creating an Enabling Environment for an Innovation-Driven Energy Transition,0.341009,0.09896,0.247969,0.122192,0.077891,0.111979,"This lesson explores how targeted policy and market mechanisms can drive innovation in sustainable energy systems. It examines the wide range of financial and regulatory tools—such as subsidies, tax credits, grants, carbon pricing, feed-in tariffs, and renewable portfolio standards that have proven essential in accelerating clean energy adoption and fostering new technologies."
8.2.2,Lesson 2: Next Generation of Energy Models,8,The Future of Energy: Innovation for Sustainable Development,8.2,Chapter 2: Creating an Enabling Environment for an Innovation-Driven Energy Transition,0.197104,0.087607,0.062437,0.299678,0.13816,0.215015,"This lesson explores how emerging sectors are transforming the architecture of future energy systems through decentralization, digitization, and diversification. It examines the rapid rise of distributed energy resources such as community solar and microgrids, and how these models are redefining energy access, resilience, and equity, particularly in developing countries."
8.2.3,Lesson 3: Advancements in renewable energy technologies,8,The Future of Energy: Innovation for Sustainable Development,8.2,Chapter 2: Creating an Enabling Environment for an Innovation-Driven Energy Transition,0.155606,0.253544,0.095057,0.274642,0.092343,0.128808,"This lesson explores how breakthroughs in next-generation renewables are expanding the frontiers of energy access and climate action, from ultra-efficient solar cells and bifacial panels to offshore wind farms, smart hybrid systems, and marine energy solutions. intersectional approaches foster equitable policies and innovation in energy systems."
8.2.4,Lesson 4: Intersectionality as a framework for energy innovation,8,The Future of Energy: Innovation for Sustainable Development,8.2,Chapter 2: Creating an Enabling Environment for an Innovation-Driven Energy Transition,0.106079,0.185943,0.177002,0.266026,0.120313,0.144637,"This lesson explores how intersectionality, the interconnected nature of social categorizations such as gender, class, ethnicity, and geography, can serve as a transformative lens for fostering equitable and effective energy innovation."
8.3.1,Lesson 1: Actionable Steps Toward a Sustainable Energy Future,8,The Future of Energy: Innovation for Sustainable Development,8.3,Chapter 3: Powering the Future: From Innovation to Action,0.102075,0.137216,0.296939,0.156814,0.103066,0.203891,"Lesson 1 outlines practical, forward-looking strategies to accelerate the global shift toward a sustainable energy future, focusing on aligning national policies and market incentives with climate and development goals, scaling private sector innovation and investing in workforce development."
8.3.2,Lesson 2: The Innovation Ecosystem for Sustainable Energy,8,The Future of Energy: Innovation for Sustainable Development,8.3,Chapter 3: Powering the Future: From Innovation to Action,0.158035,0.181294,0.253616,0.102811,0.055845,0.248399,"Lesson 2 explores how to build inclusive, future-ready innovation ecosystems that support sustainable energy transitions in developing countries. It examines strategies to foster clean energy entrepreneurship, strengthen local R&D capabilities, and promote collaboration between startups, investors, academia, and policymakers"
8.3.3,Lesson 3: Closing key messages and call to action,8,The Future of Energy: Innovation for Sustainable Development,8.3,Chapter 3: Powering the Future: From Innovation to Action,0.233578,0.077845,0.106909,0.118974,0.144062,0.318632,"This lesson invites the learner to reflect on your role in accelerating change: whether shaping policies, leading projects, or amplifying voices in communities."
9.1.1,Lesson 1: Renewables Are Reshaping the Global South,9,Derisking Renewable Energy Investment,9.1,Chapter 1: Trends and Barriers for Renewable Energy in the Global South,0.149289,0.30616,0.132858,0.138981,0.169758,0.102954,"Presents key trends, drivers, and barriers for wind and solar PV development in developing countries, linking to broader energy access and investment challenges."
9.1.2,Lesson 2: Beyond the Grid: Off-Grid Innovations Lighting Up Remote Communities,9,Derisking Renewable Energy Investment,9.1,Chapter 1: Trends and Barriers for Renewable Energy in the Global South,0.077771,0.286641,0.237696,0.106768,0.103842,0.187282,"Explores decentralized renewable energy systems—mini-grids, rooftop solar, and Solar Home Systems—highlighting their characteristics, opportunities, limitations, and supporting initiatives."
9.1.3,Lesson 3: From Capital to Kilowatts: How Renewable Projects Get Funded,9,Derisking Renewable Energy Investment,9.1,Chapter 1: Trends and Barriers for Renewable Energy in the Global South,0.064959,0.256896,0.282012,0.029947,0.132796,0.233389,"Introduces core concepts of project finance for renewable energy, covering financing structures, sources of capital, and financial appraisal tools relevant to scaling up private investment."
9.2.1,Lesson 1: Seeing the Risk: Why Perception Shapes Investment Decisions,9,Derisking Renewable Energy Investment,9.2,Chapter 2: Derisking Theory,0.038513,0.1647,0.4109,0.152375,0.112491,0.121021,"Defines investment risks in renewable energy, explains how risk perception affects cost of capital, and outlines major risk categories for utility-scale and decentralized projects."
9.2.2,Lesson 2: From Risk to Results: The DREI Theory of Change,9,Derisking Renewable Energy Investment,9.2,Chapter 2: Derisking Theory,0.150267,0.218485,0.385516,0.107501,0.057776,0.080455,"Explains the Theory of Change behind DREI, showing how public interventions can reduce investment barriers and unlock private capital for renewable energy."
9.2.3,Lesson 3: Shared Solutions: How Governments and Markets Tackle Investment Barriers,9,Derisking Renewable Energy Investment,9.2,Chapter 2: Derisking Theory,0.120917,0.20239,0.226471,0.032113,0.165117,0.252992,"Distinguishes between public and private derisking strategies, describing how each can address investment risks and improve project bankability."
9.3.1,"Lesson 1: DREI in Practice: Origins, Structure, and Impact",9,Derisking Renewable Energy Investment,9.3,Chapter 3: The DREI Framework,0.153619,0.134727,0.326669,0.091246,0.085471,0.208267,"Provides an overview of the DREI framework’s origins, structure, and practical applications for improving renewable energy investment conditions through targeted public interventions."
9.3.2,Lesson 2: Understanding the Risk Environment: What Shapes Renewable Investment?,9,Derisking Renewable Energy Investment,9.3,Chapter 3: The DREI Framework,0.140223,0.13182,0.359774,0.194059,0.098076,0.076048,"Explains how to assess the risk environment for renewable energy investment, including stakeholder engagement, risk categorization, and analysis of financing costs."
9.3.3,Lesson 3: The Public Sector’s Toolkit: Making Renewable Investment Possible,9,Derisking Renewable Energy Investment,9.3,Chapter 3: The DREI Framework,0.152487,0.159201,0.15396,0.078396,0.206223,0.249733,"Describes the identification and evaluation of public derisking instruments, showing how policy and financial tools can reduce investment risks and improve financing terms."
9.3.4,"Lesson 4: LCOE Modelling: Comparing Costs, Guiding Decisions",9,Derisking Renewable Energy Investment,9.3,Chapter 3: The DREI Framework,0.221318,0.246524,0.224188,0.0598,0.119739,0.128431,"Covers levelized cost of electricity (LCOE) modeling within the DREI framework, demonstrating how risk mitigation and public instruments can lower renewable energy costs and enhance competitiveness."
